epoch,accuracy,learning_rate,loss,val_accuracy,val_loss
0,0.04731224104762077,4.999999873689376e-05,3.2569515705108643,0.16230769455432892,2.743074893951416
1,0.059044137597084045,4.999999873689376e-05,3.152952194213867,0.07153846323490143,3.7217469215393066
2,0.06702567636966705,4.999999873689376e-05,3.1015520095825195,0.04576922953128815,3.9243040084838867
3,0.07625733315944672,4.999999873689376e-05,3.0609161853790283,0.0923076942563057,2.971242904663086
4,0.08981633186340332,4.999999873689376e-05,3.008730173110962,0.14269231259822845,2.5621225833892822
